{"cameraMode":{"drawMode":0,"name":"Shaded","section":"Shading Mode"},"sceneLighting":false,"audioPlay":false,"sceneViewState":{"m_AlwaysRefresh":false,"showFog":true,"showSkybox":false,"showFlares":true,"showImageEffects":true,"showParticleSystems":true,"showVisualEffectGraphs":true,"m_FxEnabled":true},"in2DMode":false,"pivot":{"x":0.0013416409492492676,"y":0.6376926302909851,"z":0.1877535581588745},"rotation":{"x":0.015500158071517945,"y":-0.7153695225715637,"z":-0.015876909717917444,"w":-0.6983967423439026},"size":1.2820539474487305,"orthographic":true}