{"cameraMode":{"drawMode":0,"name":"Shaded","section":"Shading Mode"},"sceneLighting":false,"audioPlay":false,"sceneViewState":{"m_AlwaysRefresh":false,"showFog":true,"showSkybox":false,"showFlares":true,"showImageEffects":true,"showParticleSystems":true,"showVisualEffectGraphs":true,"m_FxEnabled":true},"in2DMode":false,"pivot":{"x":-6.556510925292969e-7,"y":0.9865378737449646,"z":0.16703322529792787},"rotation":{"x":-0.015180787071585656,"y":0.7014247179031372,"z":-0.01495198905467987,"w":-0.7124506235122681},"size":1.5214524269104005,"orthographic":false}