{"cameraMode":{"drawMode":0,"name":"Shaded","section":"Shading Mode"},"sceneLighting":false,"audioPlay":false,"sceneViewState":{"m_AlwaysRefresh":false,"showFog":true,"showSkybox":false,"showFlares":true,"showImageEffects":true,"showParticleSystems":true,"showVisualEffectGraphs":true,"m_FxEnabled":true},"in2DMode":false,"pivot":{"x":-6.556510925292969e-7,"y":0.9865378737449646,"z":0.16703322529792787},"rotation":{"x":-0.019464707002043725,"y":0.7013171911239624,"z":-0.019150100648403169,"w":-0.7123424410820007},"size":1.2476980686187745,"orthographic":true}