{"cameraMode":{"drawMode":0,"name":"Shaded","section":"Shading Mode"},"sceneLighting":false,"audioPlay":false,"sceneViewState":{"m_AlwaysRefresh":false,"showFog":true,"showSkybox":false,"showFlares":true,"showImageEffects":true,"showParticleSystems":true,"showVisualEffectGraphs":true,"m_FxEnabled":true},"in2DMode":false,"pivot":{"x":-0.007810041308403015,"y":0.2584874629974365,"z":-0.06491357088088989},"rotation":{"x":-0.13393475115299226,"y":0.6788557171821594,"z":-0.12795892357826234,"w":-0.7105382680892944},"size":1.3443915843963624,"orthographic":false}